"id","alpha_true"
1,0.0518480381915946
2,-0.386146873963283
3,-0.078223157775928
4,-0.140220120698386
5,0.0875937338492024
