"id","alpha_true"
1,-0.0248541954791602
2,-0.0250961879547773
3,-0.0606809855913317
4,-0.0271959078216788
5,0.0469975824064696
