"id","alpha_true"
1,-0.0094817923763267
2,0.000992389048281817
3,-0.110142499900142
4,-0.167367228330163
5,-0.178401042611473
