"id","alpha_true"
1,0.0143114031349455
2,-0.0427783054358945
3,0.0931918944349078
4,0.0402722599573326
5,-0.00716187898824374
