"id","alpha_true"
1,-0.0469785137093492
2,0.0328335016102992
3,0.153301979214363
4,0.0324584458902729
5,0.0677557584713262
