"id","alpha_true"
1,-0.155437406724768
2,0.0169337331319495
3,0.0342477915564028
4,0.0459793781174435
5,0.0667555123093579
