"id","alpha_true"
1,0.00836749713167835
2,-0.0273959269261084
3,0.055808889049079
4,0.0268476071896342
5,-0.0920817922122807
