"id","alpha_true"
1,-0.0159949918710338
2,-0.0904787047204728
3,-0.093716537242552
4,0.059140260377049
5,-0.0306546261072405
