"id","alpha_true"
1,-0.000504229070031564
2,0.0535622320520526
3,0.089291216309265
4,0.0185380222202792
5,0.0195212925821378
