"id","alpha_true"
1,0.0635842625284733
2,-0.075821823227699
3,0.169446705266443
4,0.0781538869178043
5,-0.0510935874424684
