"id","alpha_true"
1,0.0673750656856452
2,-0.0420820837118686
3,-0.0114604812296805
4,-0.063715965102834
5,-0.067221906317943
