"id","alpha_true"
1,0.0992290956262903
2,0.170341073702883
3,0.0318988023283619
4,-0.108758725658322
5,0.00202604041700285
