"id","alpha_true"
1,-0.0427643784004174
2,0.0919793478780746
3,-0.0421853235359162
4,0.223450378913783
5,0.0505091488510889
