"id","alpha_true"
1,-0.0818200314392578
2,0.0163626620059266
3,0.106508259472357
4,-0.111746304452897
5,-0.148230992920091
