"id","alpha_true"
1,-0.00451532844580279
2,-0.0824470811658441
3,-0.0725259885613505
4,-0.0524586588914725
5,-0.043466568399661
