"id","alpha_true"
1,-0.125059126989319
2,-0.0710917593594309
3,-0.0457990071392222
4,-0.0646268542436321
5,0.0318610045217139
