"rep","n","tau_label","tau_sd","tau_var","seed","n_y0","n_y1","n_y01","best_model","best_formula","log_marginal","tau_map","correct","chosen_post_prob","error"
27,500,"medium",0.4472136,0.20000000402496,600227,8,0,8,"int12_3","~x1 * x2 + x3",349.229769879849,NA,1,0.999932823192945,NA
28,500,"medium",0.4472136,0.20000000402496,600228,5,3,8,"int12_3","~x1 * x2 + x3",367.05857489984,NA,1,0.999939119857024,NA
29,500,"medium",0.4472136,0.20000000402496,600229,4,2,6,"int12_3","~x1 * x2 + x3",347.300155924653,NA,1,0.99993857387922,NA
