"rep","n","tau_label","tau_sd","tau_var","seed","n_y0","n_y1","n_y01","best_model","best_formula","log_marginal","tau_map","correct","chosen_post_prob","error"
46,500,"medium",0.4472136,0.20000000402496,600246,3,1,4,"int12_3","~x1 * x2 + x3",308.584376181484,NA,1,0.999941339258055,NA
47,500,"medium",0.4472136,0.20000000402496,600247,11,2,13,"int12_3","~x1 * x2 + x3",403.918573067502,NA,1,0.999911757501316,NA
48,500,"medium",0.4472136,0.20000000402496,600248,10,3,13,"int12_3","~x1 * x2 + x3",405.235053264978,NA,1,0.999903860840996,NA
