"rep","n","tau_label","tau_sd","tau_var","seed","n_y0","n_y1","n_y01","best_model","best_formula","log_marginal","tau_map","correct","chosen_post_prob","error"
16,500,"medium",0.4472136,0.20000000402496,600216,8,0,8,"int12_3","~x1 * x2 + x3",302.699961180794,NA,1,0.999717066026997,NA
17,500,"medium",0.4472136,0.20000000402496,600217,9,3,12,"int12_3","~x1 * x2 + x3",374.966137769913,NA,1,0.999925007741442,NA
18,500,"medium",0.4472136,0.20000000402496,600218,4,0,4,"int12_3","~x1 * x2 + x3",319.115959599581,NA,1,0.999920195590243,NA
19,500,"medium",0.4472136,0.20000000402496,600219,4,2,6,"int12_3","~x1 * x2 + x3",324.052368034657,NA,1,0.99958317998264,NA
