"rep","n","tau_label","tau_sd","tau_var","seed","n_y0","n_y1","n_y01","best_model","best_formula","log_marginal","tau_map","correct","chosen_post_prob","error"
11,500,"medium",0.4472136,0.20000000402496,600211,9,1,10,"int12_3","~x1 * x2 + x3",357.3367152641,NA,1,0.999706435813023,NA
12,500,"medium",0.4472136,0.20000000402496,600212,7,3,10,"int12_3","~x1 * x2 + x3",389.240997646762,NA,1,0.999930800845564,NA
13,500,"medium",0.4472136,0.20000000402496,600213,10,5,15,"int12_3","~x1 * x2 + x3",423.120941157976,NA,1,0.999926911923626,NA
14,500,"medium",0.4472136,0.20000000402496,600214,9,4,13,"int12_3","~x1 * x2 + x3",382.686519814815,NA,1,0.999916061748413,NA
15,500,"medium",0.4472136,0.20000000402496,600215,6,0,6,"int12_3","~x1 * x2 + x3",310.390921373749,NA,1,0.9999324722133,NA
