"rep","n","tau_label","tau_sd","seed","n_y0","n_y1","n_y01","true_model","chosen_model","correct","chosen_post_prob"
16,500,"medium",0.4472136,600216,8,0,8,"int12_3","int12_3",1,0.999717066026997
17,500,"medium",0.4472136,600217,9,3,12,"int12_3","int12_3",1,0.999925007741442
18,500,"medium",0.4472136,600218,4,0,4,"int12_3","int12_3",1,0.999920195590243
19,500,"medium",0.4472136,600219,4,2,6,"int12_3","int12_3",1,0.99958317998264
