"rep","n","tau_label","tau_sd","seed","n_y0","n_y1","n_y01","true_model","chosen_model","correct","chosen_post_prob"
11,500,"medium",0.4472136,600211,9,1,10,"int12_3","int12_3",1,0.999706435813023
12,500,"medium",0.4472136,600212,7,3,10,"int12_3","int12_3",1,0.999930800845564
13,500,"medium",0.4472136,600213,10,5,15,"int12_3","int12_3",1,0.999926911923626
14,500,"medium",0.4472136,600214,9,4,13,"int12_3","int12_3",1,0.999916061748413
15,500,"medium",0.4472136,600215,6,0,6,"int12_3","int12_3",1,0.9999324722133
