"rep","n","tau_label","tau_sd","seed","n_y0","n_y1","n_y01","true_model","chosen_model","correct","chosen_post_prob"
46,500,"medium",0.4472136,600246,3,1,4,"int12_3","int12_3",1,0.999941339258055
47,500,"medium",0.4472136,600247,11,2,13,"int12_3","int12_3",1,0.999911757501316
48,500,"medium",0.4472136,600248,10,3,13,"int12_3","int12_3",1,0.999903860840996
