"id","alpha_true"
1,0.0993920263145372
2,0.0447510817781126
3,0.116327330175344
4,-0.102920781809066
5,-0.111683046175809
6,-0.175228317787702
7,-0.022711367765452
8,0.0169491063362017
9,-0.0694660972200939
10,0.067908526894853
