"id","alpha_true"
1,-0.200553061162221
2,0.0610552180101623
3,-0.0715563333563036
4,-0.0684730603370525
5,0.0740643469928446
6,0.0347611477587399
7,-0.0248395012225656
8,-0.0195901858108134
9,0.0693005742498412
10,0.00769330720878033
