"id","alpha_true"
1,-0.0792655075424802
2,0.133774221283287
3,0.0415005887182788
4,-0.0791969700051336
5,0.087408435364104
6,-0.0692562145658781
7,-0.00132853723058592
8,-0.0808223049816359
9,-0.1090494318247
10,-0.141092299778454
