"id","alpha_true"
1,0.0992338965936349
2,0.147071315025394
3,-0.038992503339676
4,-0.175980825417189
5,0.0291837994180939
6,-0.0290582551911669
7,-0.0538151460314061
8,0.201421287042156
9,-0.0618233924754622
10,0.0193820313987249
