"id","alpha_true"
1,-0.00924948958019811
2,0.244921683402999
3,0.135510722903114
4,0.0438232547931478
5,-0.0675593411515812
6,0.178548969366062
7,-0.121829953629703
8,-0.0153525195685782
9,-0.0527629415564887
10,0.172090275326085
