"id","alpha_true"
1,-0.172439312262671
2,0.00429237147862191
3,0.0660637474798299
4,-0.0916963242632514
5,-0.0375724134722093
6,-0.0567550779299848
7,0.152019192490256
8,0.0793826432756899
9,0.0523976149035234
10,0.0205039074882499
