"id","alpha_true"
1,-0.0149650120311115
2,0.0195928953163651
3,-0.033269461069615
4,-0.026971401904127
5,0.00283800209130671
6,0.0833249170141375
7,0.130791515802731
8,0.126471789937366
9,0.0578800456900601
10,0.154087393591909
