"id","alpha_true"
1,0.131431257954068
2,0.00694401777023286
3,0.00177046008489405
4,0.0701592990638929
5,0.197220914155757
6,-0.0553642569459305
7,-0.108008772292676
8,0.0105339284445248
9,-0.149485551751813
10,0.133689655360982
