"id","alpha_true"
1,0.162624333037795
2,0.129682371565279
3,-0.0821338117264426
4,-0.0313670439191245
5,-0.134669152858778
6,-0.297002058495651
7,-0.150937434066989
8,0.0172026505502431
9,-0.0792440995386474
10,-0.167787367836789
