"id","alpha_true"
1,-0.137677005940382
2,-0.191924703215208
3,-0.194678422563641
4,0.0047374983626123
5,0.119202545033409
6,0.215166482985502
7,0.0918010349372479
8,0.0159875423146221
9,-0.0108486519441368
10,-0.189721528971265
