"id","alpha_true"
1,0.0888502402861675
2,-0.0131798356549671
3,-0.00360710253880441
4,-0.133354253902901
5,0.0432628074706861
6,0.274291361100476
7,-0.0419935791495783
8,0.0778849235150013
9,0.075336181240803
10,-0.0685738718732313
