"id","alpha_true"
1,-0.0760278207480059
2,0.181058925081273
3,0.00616783167315261
4,0.00266056268558676
5,0.0243864316628189
6,0.0156211221893548
7,0.0765597933014554
8,-0.0929750988967244
9,-0.0119452445362118
10,0.0473012956277532
