"id","alpha_true"
1,0.155069945091466
2,0.117886578132139
3,-0.104081959715979
4,-0.158812495629374
5,-0.161864448196382
6,-0.0757049132042292
7,0.189525488550932
8,-0.0431695538690354
9,-0.0244687167761491
10,0.0247043216872665
