"id","alpha_true"
1,0.0405584338650456
2,0.0362604413799515
3,-0.0887715842171015
4,-0.136504512540171
5,-0.0410881651718618
6,0.140152613408199
7,0.00862478825132914
8,0.0999440000062044
9,-0.0544642323927765
10,0.311642977261968
