"id","alpha_true"
1,0.0734993281736943
2,-0.118264558836938
3,-0.0464893693232083
4,-0.0769932084765876
5,-0.0927246263638144
6,0.148314781884301
7,-0.0767169029907639
8,0.179602118993828
9,0.168297069656808
10,-0.257824758223349
