"id","alpha_true"
1,0.149477985814073
2,0.00644259009965255
3,0.0170421615328126
4,-0.0858802579547125
5,0.009370477650047
6,-0.0397410992495465
7,0.0382966262161027
8,0.0389034617406253
9,-0.0500714425046516
10,-0.202601038639607
