"id","alpha_true"
1,-0.0361802292891591
2,0.00271914393457628
3,-0.0559450643130371
4,0.120236211610012
5,-0.109080467728452
6,-0.0678809673858001
7,0.0603979845898173
8,-0.0946646399469993
9,0.131566199045528
10,-0.133319502975914
