"id","alpha_true"
1,-0.0189973149674381
2,-0.0720314716922376
3,0.217840956850048
4,0.0206294598496373
5,0.0151257931623617
6,-0.0753372154008798
7,-0.00245988356840032
8,0.074651004752019
9,0.0247385437655603
10,0.0467666334850656
