"id","alpha_true"
1,0.0438049558099902
2,-0.053604742766128
3,-0.191713851656402
4,0.0567370321109854
5,-0.128697016952013
6,-0.0683651770859852
7,0.0714249196253922
8,0.175035345735531
9,-0.0962611243143763
10,0.0125858673624242
