"id","alpha_true"
1,-0.0603668728407751
2,0.10795963974053
3,0.0535377498622941
4,-0.07208004276443
5,-0.224696638434081
6,-0.132061403928202
7,-0.143912309062986
8,-0.00726836281341265
9,0.204364080621152
10,-0.00948024357589517
