"id","alpha_true"
1,-0.0319607095026924
2,-0.128606975110437
3,-5.901893367289e-05
4,-0.115684393632631
5,0.0550681085786331
6,-0.0712976001102691
7,0.0685951791227693
8,0.0309763830444716
9,0.0139504646235631
10,0.000897941427918589
