"id","alpha_true"
1,0.056586773842826
2,0.0571301316921241
3,-0.133112082766339
4,-0.0220616249237605
5,0.0606798726933472
6,-0.00846750658650603
7,-0.0346744840981698
8,-0.0785678535044057
9,-0.022690865174963
10,-0.157089062698844
