"id","alpha_true"
1,0.141560728501138
2,-0.0622204618472608
3,0.0261182391741863
4,0.14977024556019
5,-0.0203170636949792
6,0.0760740612331341
7,0.0646568284443654
8,0.127453792853442
9,-0.0385159040998341
10,-0.133780560990057
