"id","alpha_true"
1,-0.144877647487458
2,-0.152849294536932
3,-0.00357453827577258
4,0.0114470213522964
5,-0.0314862631769605
6,0.019125225874268
7,0.0843127306161975
8,0.0202642215416902
9,0.0476262761416692
10,-0.00568152771489608
