"id","alpha_true"
1,0.0737264629711418
2,0.0196893049925689
3,-0.171386375017782
4,0.0156418627469549
5,-0.185966068586147
6,0.0585853885476269
7,0.000721757379661974
8,0.0393288807282854
9,0.0452673397998925
10,0.0851416927013905
