"id","alpha_true"
1,0.14279289369641
2,-0.012733093606805
3,0.177238903745511
4,0.0187699479666404
5,0.109292894473298
6,0.0465923908888035
7,0.0110135277803427
8,0.125886528265414
9,0.0905202473029496
10,-0.0388564825028707
