"id","alpha_true"
1,-0.014674667931735
2,0.0776951253990637
3,-0.065970181932718
4,0.135060635764175
5,0.157008395242859
6,-0.118650385123357
7,-0.00705576915840272
8,0.0908743263046157
9,0.0200629574677289
10,-0.115026863559547
