"id","alpha_true"
1,0.051308156363442
2,-0.120958291550773
3,0.17812379246491
4,-0.087928746443516
5,-0.000111665485758493
6,-0.0141292082251656
7,-0.0626879068450313
8,-0.0189655361539697
9,0.0892639780173347
10,0.126710221958305
