"id","alpha_true"
1,0.0564598692816081
2,0.190153521350812
3,0.0706356837999304
4,0.0821134142394588
5,-0.0101815084490325
6,0.160404049603621
7,0.133581949003017
8,-0.0371636439757247
9,-0.0360267778140453
10,-0.00704980446350929
