"id","alpha_true"
1,0.227138828427255
2,-0.121119687845379
3,0.0306193962829016
4,-0.0934845762524163
5,-0.140118240220862
6,-0.0369375260158835
7,-0.0738903003285754
8,-0.189853248089695
9,-0.0737267350716933
10,-0.0273183625480076
