"id","alpha_true"
1,-0.141525091415568
2,0.0557018503026682
3,0.0964185396451596
4,0.105165907384501
5,-0.00511406540680438
6,-0.0215487339966641
7,0.00501839602550482
8,0.0568524090387813
9,-0.0103453179213004
10,0.0481267618555571
