"id","alpha_true"
1,-0.0603274443623418
2,0.117564327771385
3,0.0566639796714071
4,0.13636344845197
5,0.0310174275339854
6,0.0492741295956847
7,0.145141879809065
8,0.00686695318476858
9,0.0636716469179802
10,0.00859365848729759
