"id","alpha_true"
1,-0.103108180927653
2,-0.158804867398268
3,0.13851005710977
4,-0.0488447532207347
5,0.0012451187326209
6,-0.0732543795516194
7,-0.110523988840559
8,-0.0460133197035829
9,-0.091228637181892
10,-0.0410112716281459
