"id","alpha_true"
1,0.0830473262171625
2,0.00908739775223438
3,0.0605012794666494
4,-0.24194530949654
5,0.17526930571512
6,-0.0348449908219643
7,0.0797077835594435
8,-0.0709723619911327
9,-0.205753224066951
10,0.0220946581961196
