"id","alpha_true"
1,-0.0290169667386139
2,0.206826692232496
3,-0.132552022337431
4,-0.847814889769374
5,-0.390428514126687
6,-0.00828231576991877
7,0.188311408508246
8,-0.142046185361991
9,-0.217259424628844
10,0.634848754570399
