"id","alpha_true"
1,0.0300553729304706
2,-0.443150269722736
3,-0.0705120160651256
4,0.364989528392996
5,-0.246780570042465
6,-0.166963162116064
7,0.230742971118176
8,-0.408504667039416
9,-0.680316747753202
10,0.42140264714484
