"id","alpha_true"
1,-0.0886293723477279
2,-0.108864805603126
3,-0.129876745755687
4,-0.110895989060765
5,-0.411001312228076
6,0.17778388541742
7,0.215786248715497
8,0.495226851638769
9,0.209216958280326
10,-0.388503228989033
