"id","alpha_true"
1,-0.153138508901489
2,0.370956717898502
3,0.399873581407155
4,0.49927226026954
5,0.25679209137081
6,0.482125260973683
7,-0.0623658053388818
8,0.461048023857666
9,-0.221845371565272
10,-0.36141200937602
