"id","alpha_true"
1,-1.18667855628065
2,-0.554975522338043
3,0.359976469825083
4,0.530839364159453
5,0.62606998198428
6,0.254922716757184
7,-0.489320197802718
8,0.623488222714371
9,0.198380120182808
10,0.577841405249714
