"id","alpha_true"
1,0.107957280774573
2,-0.293436146665528
3,-0.963943001673738
4,-0.292120288887517
5,0.6173679770176
6,-0.099803627015729
7,0.666660332740314
8,-0.299058462474669
9,0.107373936252203
10,0.766992301405032
