"id","alpha_true"
1,-0.760291255433416
2,0.0640700767951998
3,0.0961503991820078
4,0.278576763179745
5,0.302552565734759
6,-0.690983391514198
7,-0.0872599109346269
8,0.252339171053591
9,0.0675187540315584
10,-0.0309133283877638
