"id","alpha_true"
1,-0.666244827300493
2,0.0808198632161196
3,-0.184267794134268
4,0.0120241458202216
5,-0.15223943620619
6,0.451184123550011
7,-0.185956326586777
8,0.607616670183978
9,0.799302123721474
10,0.010692748028478
