"id","alpha_true"
1,0.0472996924786988
2,0.285398399439598
3,0.457395725859696
4,-0.320303976002465
5,-0.464184858675545
6,-0.549185125936566
7,1.05938753487496
8,-0.795518348658278
9,-0.459987316091511
10,0.0272023067980686
