"id","alpha_true"
1,-0.732011946846543
2,-0.397305699979872
3,-0.132883091237002
4,0.221339796228324
5,0.508187456374922
6,-0.520938929582791
7,-0.00683870409301416
8,0.281929600374528
9,0.130241438893725
10,-0.504565067284911
