"id","alpha_true"
1,0.171094521074801
2,0.742917951665763
3,-0.179508577923252
4,0.250012431298939
5,-0.989936154548527
6,0.161272366196574
7,0.19672810405385
8,-0.337004587267691
9,0.512463877607505
10,0.0846021874289092
