"id","alpha_true"
1,0.813197145011544
2,0.265448677006493
3,0.254849806136397
4,-0.32724622078426
5,-0.309962346955048
6,0.5205335054631
7,0.264847987165216
8,0.0772323570743919
9,0.0414329705743206
10,0.540131994145941
