"id","alpha_true"
1,0.30997853213813
2,0.475893370088982
3,0.0544406358835579
4,0.122334277815468
5,-0.103670456971598
6,-0.102637626823851
7,-0.303906221184704
8,0.00459046033949328
9,-0.698465545272938
10,0.527042225531404
