"id","alpha_true"
1,-0.311143483835155
2,1.11256131309453
3,-1.32914694555025
4,0.642642688471175
5,0.977109852784914
6,0.0219808217020615
7,0.291615884157514
8,-0.297231306855138
9,-0.136477246950976
10,0.385106948689463
