"id","alpha_true"
1,-0.0373895296006965
2,-0.917674713551152
3,0.295243677089248
4,-0.0061828239773044
5,-0.263555255491601
6,0.387042670058732
7,-0.3781103432264
8,-0.204875897564952
9,-0.323057325729856
10,0.151906998616171
