"id","alpha_true"
1,0.255051497011962
2,-0.650619458311128
3,-0.0959589954045453
4,-0.202130579473706
5,0.15967121866331
6,0.371596033842902
7,0.272913019904396
8,-0.448073310038129
9,0.643987780180941
10,0.714081936293539
