"id","alpha_true"
1,0.0663706460529081
2,0.0481642197497285
3,-0.66279067467412
4,0.617162710393276
5,0.283232595432969
6,0.51629082837875
7,0.731449279903426
8,-0.457053930558464
9,0.321287234659192
10,0.186561398961429
