"id","alpha_true"
1,-0.347489221786301
2,0.445434486754488
3,0.511272457479628
4,0.230795184255101
5,0.0486893087007512
6,0.244432279563155
7,-0.733594667811187
8,-0.287317194766011
9,-0.40224390918201
10,0.0575235495874184
