"id","alpha_true"
1,-0.227038460544882
2,-0.590960798602962
3,0.715700858942537
4,-0.556068519890217
5,0.0833210484905959
6,-0.262590204339724
7,-0.280071582686672
8,0.635052172057048
9,-0.114360472270642
10,-0.405652729946207
