"id","alpha_true"
1,-0.160983397353414
2,0.393162389511686
3,0.268675483415159
4,0.251862873810513
5,0.264525304259581
6,-0.120010917304146
7,0.468657328660373
8,-0.787998965133699
9,0.191221249693376
10,-0.244238325850741
