"id","alpha_true"
1,0.0303022160099613
2,0.651990302787299
3,0.360172698315023
4,0.539184622769098
5,0.315447795425349
6,0.786613520117824
7,-0.0200510109049633
8,-0.627877311647751
9,0.0961714061084289
10,0.00183932608995528
