"id","alpha_true"
1,0.272716275075496
2,0.31124110127612
3,0.826560206223584
4,-0.0652202698071994
5,-0.114156755371257
6,-0.193040040827142
7,-0.107446843070591
8,0.255727510888698
9,-0.172961950461053
10,-0.620949730473699
