"rep","n","tau_label","tau_sd","tau_var","seed","n_y0","n_y1","n_y01","best_model","best_formula","log_marginal","tau_map","correct","chosen_post_prob","error"
23,500,"big",0.7071068,0.50000002660624,600323,13,3,16,"int12_3","~x1 * x2 + x3",437.519214369537,NA,1,0.999882528184529,NA
24,500,"big",0.7071068,0.50000002660624,600324,15,2,17,"int12_3","~x1 * x2 + x3",462.932661534184,NA,1,0.996200195362386,NA
25,500,"big",0.7071068,0.50000002660624,600325,15,1,16,"int12_3","~x1 * x2 + x3",448.25368244912,NA,1,0.999918531169344,NA
