"rep","n","tau_label","tau_sd","tau_var","seed","n_y0","n_y1","n_y01","best_model","best_formula","log_marginal","tau_map","correct","chosen_post_prob","error"
36,500,"big",0.7071068,0.50000002660624,600336,13,3,16,"int12_3","~x1 * x2 + x3",454.884202898175,NA,1,0.999866142249558,NA
37,500,"big",0.7071068,0.50000002660624,600337,9,1,10,"int12_3","~x1 * x2 + x3",359.238387595748,NA,1,0.999924088242753,NA
38,500,"big",0.7071068,0.50000002660624,600338,7,5,12,"int12_3","~x1 * x2 + x3",397.530904215729,NA,1,0.999928811556608,NA
