"rep","n","tau_label","tau_sd","tau_var","seed","n_y0","n_y1","n_y01","best_model","best_formula","log_marginal","tau_map","correct","chosen_post_prob","error"
48,500,"big",0.7071068,0.50000002660624,600348,12,3,15,"int12_3","~x1 * x2 + x3",431.479163652934,NA,1,0.999872806315344,NA
49,500,"big",0.7071068,0.50000002660624,600349,8,6,14,"int12_3","~x1 * x2 + x3",394.382518357616,NA,1,0.999912497904793,NA
50,500,"big",0.7071068,0.50000002660624,600350,9,2,11,"int12_3","~x1 * x2 + x3",374.690926889239,NA,1,0.999859171371102,NA
