"rep","n","tau_label","tau_sd","tau_var","seed","n_y0","n_y1","n_y01","best_model","best_formula","log_marginal","tau_map","correct","chosen_post_prob","error"
30,500,"big",0.7071068,0.50000002660624,600330,7,2,9,"int12_3","~x1 * x2 + x3",344.808972152305,NA,1,0.961010888544752,NA
31,500,"big",0.7071068,0.50000002660624,600331,3,0,3,"int12_3","~x1 * x2 + x3",278.209572081293,NA,1,0.999922077856096,NA
32,500,"big",0.7071068,0.50000002660624,600332,11,3,14,"int12_3","~x1 * x2 + x3",433.702995246474,NA,1,0.999921627807511,NA
