"rep","n","tau_label","tau_sd","seed","n_y0","n_y1","n_y01","true_model","chosen_model","correct","chosen_post_prob"
30,500,"big",0.7071068,600330,7,2,9,"int12_3","int12_3",1,0.961010888544752
31,500,"big",0.7071068,600331,3,0,3,"int12_3","int12_3",1,0.999922077856096
32,500,"big",0.7071068,600332,11,3,14,"int12_3","int12_3",1,0.999921627807511
