"rep","n","tau_label","tau_sd","seed","n_y0","n_y1","n_y01","true_model","chosen_model","correct","chosen_post_prob"
48,500,"big",0.7071068,600348,12,3,15,"int12_3","int12_3",1,0.999872806315344
49,500,"big",0.7071068,600349,8,6,14,"int12_3","int12_3",1,0.999912497904793
50,500,"big",0.7071068,600350,9,2,11,"int12_3","int12_3",1,0.999859171371102
