"rep","n","tau_label","tau_sd","seed","n_y0","n_y1","n_y01","true_model","chosen_model","correct","chosen_post_prob"
36,500,"big",0.7071068,600336,13,3,16,"int12_3","int12_3",1,0.999866142249558
37,500,"big",0.7071068,600337,9,1,10,"int12_3","int12_3",1,0.999924088242753
38,500,"big",0.7071068,600338,7,5,12,"int12_3","int12_3",1,0.999928811556608
