"id","alpha_true"
1,0.380915080998338
2,0.664985203100154
3,-0.12523779769391
4,0.288385049767765
5,-0.0574125566475439
