"id","alpha_true"
1,0.0767242928857292
2,0.628039767170717
3,-0.00238136508178471
4,0.186872158310777
5,0.221616778104616
