"id","alpha_true"
1,0.238575406543871
2,-0.312984286107354
3,0.358152007604943
4,-0.264141178926617
5,-0.136726269281504
