"id","alpha_true"
1,0.261464266693642
2,-0.499171257858482
3,0.156308719155651
4,0.408297727983257
5,-0.728369795197362
