"id","alpha_true"
1,-0.318557454012503
2,0.694469081294768
3,0.252862223634359
4,-0.347990303111144
5,-0.323025176760713
