"id","alpha_true"
1,0.410783641137719
2,0.824356653895163
3,0.415423195393196
4,0.952445822148912
5,0.362025812526771
