"id","alpha_true"
1,-0.271524153590276
2,-0.523341440730158
3,0.151620390467598
4,-0.369080989467446
5,-0.146993885756857
