"id","alpha_true"
1,0.679122860260585
2,-0.0737479047040482
3,-0.0276524817610526
4,-0.248049793829278
5,0.0123512223900614
