"id","alpha_true"
1,-0.0131798757480757
2,-0.209434442163103
3,0.383116578411498
4,0.458750512714907
5,0.342112768328715
