"id","alpha_true"
1,0.18802982667078
2,-0.416530790551749
3,-0.0905599547275976
4,-0.208121395160885
5,-0.79699539049315
