"id","alpha_true"
1,0.121955331898857
2,-0.104993631830621
3,-0.119242549885473
4,0.0170664097543231
5,0.439034039837272
