"id","alpha_true"
1,-0.0476949364748473
2,-0.360004156304958
3,0.342613948496106
4,-0.476013374210461
5,0.0799561499049921
