"id","alpha_true"
1,0.263185139810392
2,1.11806362973264
3,-0.100344893017072
4,-0.257544276828412
5,0.475003841759637
