"id","alpha_true"
1,0.756932733354392
2,0.0698027631888984
3,-0.405346084085774
4,0.0171716377416912
5,-0.166805318670854
