"id","alpha_true"
1,-0.00578500976359741
2,-0.350765906296768
3,-0.234775607484316
4,1.09332791216346
5,-0.00100627334736483
