"id","alpha_true"
1,0.0311016692723038
2,0.363827993330713
3,0.66535077412553
4,0.919306068688659
5,0.36633898109212
6,-0.327124408380029
7,-0.891443726021714
8,0.391378584522876
9,0.218540929171356
10,0.176300156127512
