"id","alpha_true"
1,-0.0352250711304516
2,-0.575274351583443
3,0.371999534452664
4,-1.13800343623984
5,-0.655757227337613
6,-0.0135793263454711
7,-0.96408198020101
8,0.618297506091512
9,0.536464754194251
10,0.126414146959191
