"id","alpha_true"
1,0.87939535222519
2,0.953539249485397
3,0.799642700692275
4,0.0203982801301927
5,-0.050425792705578
6,0.240411623749937
7,0.0175970907223898
8,0.419251253250676
9,-0.52405418500357
10,-0.52788939623956
