"id","alpha_true"
1,0.134279004621973
2,0.290823763789723
3,0.56357173869636
4,0.0881362336216394
5,-0.381758585886717
6,0.389198682307383
7,0.406335991598313
8,0.340344636523468
9,-0.495163308902304
10,-0.1861939926139
