"id","alpha_true"
1,0.527061937735788
2,0.602981197820474
3,0.514811309079099
4,-0.0172311901148036
5,0.701076201603597
6,0.603225663858966
7,0.240554382086341
8,-0.295454807271177
9,0.224701659403399
10,0.019062690601163
