"id","alpha_true"
1,-0.00195953633995581
2,-0.310243223605338
3,-0.658848810852142
4,0.320574345765421
5,0.549423115069211
6,0.126093380762229
7,-0.357587308276275
8,-0.0656165753189212
9,-0.0822983954288803
10,0.265604235476938
