"id","alpha_true"
1,0.11264529559769
2,0.373765579516538
3,-0.416758507770996
4,0.0176289960642943
5,0.312238933656018
6,-0.465289164312894
7,-0.935660464053079
8,-0.905003787766097
9,-0.38974407170454
10,0.225662077434071
