"id","alpha_true"
1,0.206034627285898
2,0.363929599477847
3,0.133074554553477
4,-0.353304497928466
5,-0.430108820952634
6,0.525315803263639
7,-0.386817622690936
8,0.405499359102598
9,-0.829869401075525
10,-0.331399840402417
