"id","alpha_true"
1,-0.83717751804168
2,0.536506182875399
3,0.471048162988732
4,-0.150551008379936
5,-0.17463389738024
6,-0.161653864185995
7,-0.509989460440597
8,0.226272764268591
9,-0.891581960192778
10,-0.253216214716101
