"id","alpha_true"
1,-0.26237004883116
2,0.222537921417067
3,0.339861849868551
4,0.0778416612201886
5,-0.545459921382965
6,-0.339894306827747
7,-0.0738018008529877
8,0.215814918647111
9,-0.434005972205714
10,0.717578658249045
