"id","alpha_true"
1,-0.629723971656477
2,-0.363538782887311
3,0.398896456291806
4,0.147553013482529
5,0.12743187937003
6,0.152282869244952
7,-0.126621385080567
8,0.345372741298059
9,-0.102899921459199
10,0.688657854534741
