"id","alpha_true"
1,-0.0718836858571558
2,0.415829264413657
3,0.345972485595849
4,0.403915342112841
5,0.357466709576555
6,0.0717979470010286
7,-1.05323406724768
8,0.151761666078292
9,0.678636739930671
10,0.738689704153455
