"id","alpha_true"
1,0.0441636773999877
2,0.114638924267436
3,-0.00183174317024628
4,-0.050235461966073
5,0.145557836067224
