"id","alpha_true"
1,0.150683801748017
2,0.0720344095228154
3,0.057718748876376
4,-0.136807792475096
5,-0.124000810059666
