"id","alpha_true"
1,0.0957150368583071
2,0.0317153437854344
3,0.109544113976968
4,-0.157939522131044
5,0.00661951383993621
