"id","alpha_true"
1,-0.104094949357071
2,0.208295470278077
3,-0.130745469382264
4,-0.0349638724677467
5,-0.11652814599046
