"id","alpha_true"
1,0.204779563513278
2,0.066857876690131
3,-0.0365096003986275
4,-0.0274502601423817
5,0.0692963669248308
