"id","alpha_true"
1,-0.0269714671854692
2,-0.090510194930669
3,0.0439388919674337
4,-0.0625538184498357
5,-0.158668805699934
