"id","alpha_true"
1,0.0637609560836068
2,-0.149597826781322
3,0.162794532293817
4,-0.0599697497834065
5,0.0691982762855571
