"id","alpha_true"
1,-0.0362277221213932
2,0.0801381233796536
3,-0.0882692660294987
4,0.218331424774861
5,0.22933715945833
