"id","alpha_true"
1,-0.0827114211372479
2,-0.00854737633218952
3,0.0173004637186863
4,0.0186526370774376
5,0.0460849473791902
