"id","alpha_true"
1,0.0575758993237096
2,-0.109488786513559
3,0.00041445304455723
4,-0.0680532166094769
5,-0.056630747986975
