"id","alpha_true"
1,-0.174304694421482
2,0.0668510405402318
3,0.146615860657612
4,0.0583990667616748
5,-0.0555576770568092
