"id","alpha_true"
1,0.0833923199150488
2,-0.118840767782512
3,-0.139984798614111
4,0.0823578015346328
5,-0.0237405882744255
