"id","alpha_true"
1,-0.0834025100448672
2,0.00123597873304671
3,0.0718603729346568
4,-0.111203937120352
5,0.0383775121364798
