"id","alpha_true"
1,0.0654714867256058
2,-0.00618680868260435
3,-0.0775112561090912
4,0.0118959703594869
5,-0.0391903675823784
