"id","alpha_true"
1,1.37085764299267
2,-0.365233325701439
3,0.271418978841143
4,0.21377911154236
5,-0.539972776563399
6,-0.0273887611067548
7,-0.0672827949984286
8,-0.59837059584255
9,-0.104766835497915
10,0.702117169010242
