"id","alpha_true"
1,0.184972140920647
2,-0.78050555630903
3,1.26361533960195
4,-0.944005578148004
5,0.108548798513288
6,0.295627488334173
7,0.59973748290244
8,1.12398085182918
9,-0.352294007537812
10,-0.854179773595757
