"id","alpha_true"
1,0.770382209696368
2,-0.47291729223817
3,-0.32873392025509
4,0.384562625009652
5,0.531605587040914
6,-0.369369019568441
7,-0.461799086457425
8,-1.38944787704555
9,-0.177721551440952
10,-0.0611699366044313
