"id","alpha_true"
1,0.589577256033283
2,0.339395656311628
3,-0.500112671280158
4,-0.0259533456918114
5,-1.1135125439003
6,-1.36719530556439
7,1.10143256359458
8,0.368351530190114
9,-0.991545492936106
10,1.44155026750281
