"id","alpha_true"
1,-0.92047331216759
2,0.363388258693927
3,0.375416588616331
4,0.0205049456869129
5,0.287518321371516
6,-0.455855585624965
7,-0.192351925063705
8,-0.84589391278108
9,1.70758688303877
10,-0.405191891554585
