"id","alpha_true"
1,0.117753488174716
2,0.911091403967077
3,0.087252503723104
4,-0.413400016602741
5,-0.718504693580752
6,0.561841536507838
7,-0.136563012930843
8,0.439924706628018
9,0.620335850691821
10,-0.151937518026748
