"id","alpha_true"
1,-0.615808905607479
2,0.0881301532646849
3,0.345267574411147
4,0.258327033720705
5,0.388352552055775
6,1.08044520498549
7,-0.292448841243833
8,0.524618959183869
9,-0.672942426654334
10,-1.1071095818054
