"id","alpha_true"
1,0.942650632888673
2,0.433114963500738
3,-1.00982131497779
4,-0.296528587000861
5,1.03477155865784
6,-0.495581516268847
7,0.64759596514407
8,-0.10805137473898
9,0.0740912303490214
10,1.07528847861267
