"id","alpha_true"
1,-1.11226547680934
2,-0.0645570061044052
3,0.388071373437112
4,0.18900309415557
5,-1.01437432304328
6,-0.314240840833526
7,-0.55402037973315
8,-0.856689181952752
9,0.102837710283623
10,1.26968233042077
