"id","alpha_true"
1,-0.226646309720795
2,0.764498833857538
3,0.308771043702555
4,0.423852491525866
5,0.516521846273677
6,-0.441109848903667
7,0.257159356245055
8,0.800754670633276
9,-1.15891107760402
10,0.661505878867132
