"id","alpha_true"
1,1.31434805134207
2,0.685114900064719
3,-1.88515342128123
4,0.921114854560553
5,0.559225013495446
6,-1.14452809124548
7,-0.212505855048954
8,0.674896986756386
9,0.356554698390728
10,0.121773125434021
