"id","alpha_true"
1,0.628520000484531
2,1.90632575717384
3,-0.959241171562766
4,0.485947541510676
5,-0.0731991183259052
6,1.35672909166724
7,-0.319459164989021
8,-0.526412853037765
9,-0.485635516571599
10,-1.7105615802509
