"id","alpha_true"
1,-0.142743030719228
2,-0.838628864445077
3,1.83843787734673
4,0.286705247992815
5,1.09896009632671
6,-1.29583850193939
7,0.117860413743896
8,-0.109704987405055
9,0.730613118371613
10,0.112968812398742
