"id","alpha_true"
1,0.149675578383344
2,-1.90229174189273
3,-1.22125642002151
4,-1.48940010829732
5,-0.750508626408264
6,0.201041347118619
7,0.537806387749655
8,-0.00868912060701675
9,1.50338578213624
10,1.00397110152148
