"id","alpha_true"
1,0.286945700663443
2,-0.682703794994307
3,0.703566682234355
4,-1.25566689447641
5,0.271195596231775
6,-0.503298124960711
7,0.471264940991259
8,0.708784352910871
9,-0.205234902063669
10,-0.633570821841904
