"id","alpha_true"
1,0.449568013787928
2,0.338200589081979
3,-0.996859165458258
4,0.00180700230907422
5,0.263184690166179
6,0.121473015622188
7,-0.228446820388268
8,-0.339495588305035
9,0.197273272785839
10,-0.198693218329076
