"rep","n","tau_label","tau_sd","tau_var","seed","n_y0","n_y1","n_y01","best_model","best_formula","log_marginal","tau_map","correct","chosen_post_prob","error"
11,500,"medium",0.4472136,0.20000000402496,600211,9,1,10,"int12_3","~x1 * x2 + x3",357.746347025948,NA,1,0.999700074133642,NA
12,500,"medium",0.4472136,0.20000000402496,600212,7,3,10,"int12_3","~x1 * x2 + x3",327.313289220876,NA,1,0.999999891591858,NA
13,500,"medium",0.4472136,0.20000000402496,600213,10,5,15,"int12_3","~x1 * x2 + x3",423.642908224776,NA,1,0.999926875665535,NA
14,500,"medium",0.4472136,0.20000000402496,600214,9,4,13,"int12_3","~x1 * x2 + x3",383.212290977501,NA,1,0.999916098855336,NA
15,500,"medium",0.4472136,0.20000000402496,600215,6,0,6,"int12_3","~x1 * x2 + x3",248.516112656259,NA,1,0.999999821585585,NA
16,500,"medium",0.4472136,0.20000000402496,600216,8,0,8,"int12_3","~x1 * x2 + x3",303.089394389632,NA,1,0.999718128382574,NA
17,500,"medium",0.4472136,0.20000000402496,600217,9,3,12,"int12_3","~x1 * x2 + x3",375.398901363188,NA,1,0.999925089473978,NA
18,500,"medium",0.4472136,0.20000000402496,600218,4,0,4,"int12_3","~x1 * x2 + x3",264.746394790714,NA,1,0.999999849518522,NA
19,500,"medium",0.4472136,0.20000000402496,600219,4,2,6,"int12_3","~x1 * x2 + x3",324.529139092227,NA,1,0.999579089233065,NA
