"rep","n","tau_label","tau_sd","seed","n_y0","n_y1","n_y01","true_model","chosen_model","correct","chosen_post_prob"
31,500,"medium",0.4472136,600231,6,1,7,"int12_3","int12_3",1,0.999875466194552
32,500,"medium",0.4472136,600232,6,2,8,"int12_3","int12_3",1,0.999999814939483
33,500,"medium",0.4472136,600233,5,0,5,"int12_3","int12_3",1,0.999941193505027
34,500,"medium",0.4472136,600234,8,2,10,"int12_3","int12_3",1,0.999908457758371
35,500,"medium",0.4472136,600235,10,2,12,"int12_3","int12_3",1,0.999667020751056
