"rep","n","tau_label","tau_sd","seed","n_y0","n_y1","n_y01","true_model","chosen_model","correct","chosen_post_prob"
11,500,"medium",0.4472136,600211,9,1,10,"int12_3","int12_3",1,0.999700074133642
12,500,"medium",0.4472136,600212,7,3,10,"int12_3","int12_3",1,0.999999891591858
13,500,"medium",0.4472136,600213,10,5,15,"int12_3","int12_3",1,0.999926875665535
14,500,"medium",0.4472136,600214,9,4,13,"int12_3","int12_3",1,0.999916098855336
15,500,"medium",0.4472136,600215,6,0,6,"int12_3","int12_3",1,0.999999821585585
16,500,"medium",0.4472136,600216,8,0,8,"int12_3","int12_3",1,0.999718128382574
17,500,"medium",0.4472136,600217,9,3,12,"int12_3","int12_3",1,0.999925089473978
18,500,"medium",0.4472136,600218,4,0,4,"int12_3","int12_3",1,0.999999849518522
19,500,"medium",0.4472136,600219,4,2,6,"int12_3","int12_3",1,0.999579089233065
