"id","alpha_true"
1,-0.299012297922805
2,0.048278140332636
3,0.0314978836452629
4,-0.764838529398989
5,-0.892362145266367
6,-1.17229892953816
7,-1.26245657231984
8,-0.494048926268058
9,-0.914062157500483
10,0.52928043235571
