"id","alpha_true"
1,-0.979254940328506
2,-0.554865386721015
3,-0.65936643575699
4,0.768169221288164
5,-0.548323882851465
6,0.690139940013038
7,-1.69743442880987
8,0.608316135673886
9,1.38735370314546
10,-0.113747788665163
