"id","alpha_true"
1,-1.02920242227482
2,-0.188734711700552
3,0.314782426392483
4,-1.14268581652576
5,-0.211103343748247
6,-0.882334487229822
7,1.54255977749315
8,0.852783448417443
9,0.360872473376084
10,-0.0648098835325211
