"id","alpha_true"
1,0.102686422132612
2,0.173391393387264
3,0.350939314641858
4,-0.57237703491126
5,0.342006016868829
6,-0.129879671389491
7,-0.0687970729716241
8,-0.502929745402869
9,0.251375487300963
10,0.392890160412331
