"id","alpha_true"
1,0.385237672267979
2,0.625697726745021
3,0.726449456611698
4,-1.4094438790126
5,0.0714396198710926
6,-1.17107877315896
7,1.19558476856061
8,0.187450753904488
9,-1.03283041296353
10,1.23976352859059
