"id","alpha_true"
1,-1.66530238643381
2,-1.60434537085501
3,0.285614774935168
4,-0.915082224083551
5,-0.254935617984069
6,-0.0661619674354628
7,0.811041604761052
8,0.51567558555046
9,0.331493795261956
10,0.879069793283976
