"id","alpha_true"
1,0.0555416721493023
2,0.512477097486135
3,1.15133080544539
4,0.285112906788328
5,0.506708090941706
6,0.215555799210765
7,0.358017004894834
8,-0.266278221312435
9,-0.966467374375744
10,1.66738061770898
