"id","alpha_true"
1,-0.968664873199198
2,0.187842911039208
3,-0.928548575733408
4,1.36805098778716
5,2.05813426265936
6,-0.493385224435574
7,-0.0363188426806674
8,1.37042324899872
9,0.317832347207487
10,0.0651034139678221
