"id","alpha_true"
1,-0.555370116392525
2,0.128822262562132
3,-0.181057094311201
4,0.395473181042982
5,0.402179086245462
6,-0.115152698162563
7,-1.48643331523834
8,1.30204554782925
9,0.812978142513466
10,0.734985159881558
