"id","alpha_true"
1,0.152292633556189
2,0.908688992700377
3,0.332614325719686
4,0.851008319769357
5,0.613705468899559
6,-0.272129523473656
7,-0.740852774824075
8,0.604006692269789
9,-0.362395167490637
10,1.47448170213493
