"id","alpha_true"
1,0.189354995006877
2,0.970353574336484
3,0.811123895534917
4,0.373811109039485
5,-0.87848764546151
6,1.17119679910054
7,0.271675091918968
8,0.374478635091726
9,-0.659640735246359
10,-0.49845306418819
