"id","alpha_true"
1,-0.379306613439061
2,0.85221981199911
3,0.0428887861392258
4,0.0755613131083842
5,0.795197285549637
6,1.28918314211921
7,0.346333387915318
8,0.614683732170276
9,-0.557249262445957
10,-0.499819585334263
