"id","alpha_true"
1,-0.033799465523076
2,-0.385904698959216
3,-0.821861570823038
4,0.506173543819078
5,1.07204581624832
6,-0.472726725199121
7,0.661403207833479
8,0.491014622356502
9,-0.564862494821796
10,-0.896958716657481
