"id","alpha_true"
1,-1.41487876595027
2,-0.410786953926134
3,-0.0847871040815908
4,-0.097009937777762
5,-0.687506673155952
6,-0.681707216595897
7,-0.59521319157417
8,0.29824697615372
9,-0.718928579895709
10,-0.478866536751454
