"id","alpha_true"
1,1.09230372045483
2,-0.345065963901293
3,1.01169993827278
4,1.41638867411019
5,-0.163525307943333
6,0.406563270685021
7,-1.27532199848637
8,-0.396786151656951
9,-0.295117539813407
10,-0.10813215202342
