"id","alpha_true"
1,0.160448449448274
2,-1.32490841937048
3,-0.0860097153414324
4,-1.15823734666934
5,0.323090165056713
6,0.0809631891632974
7,0.483322560847884
8,-2.18973652249973
9,-1.38437530217575
10,0.0514929528552553
