"rep","n","tau_label","tau_sd","tau_var","seed","n_y0","n_y1","n_y01","best_model","best_formula","log_marginal","tau_map","correct","chosen_post_prob","error"
33,500,"big",0.7071068,0.50000002660624,600333,14,6,20,"int12_3","~x1 * x2 + x3",495.223483605299,NA,1,0.999935059872169,NA
34,500,"big",0.7071068,0.50000002660624,600334,4,2,6,"int12_3","~x1 * x2 + x3",334.402390730811,NA,1,0.999935171551132,NA
35,500,"big",0.7071068,0.50000002660624,600335,11,4,15,"int12_3","~x1 * x2 + x3",416.375901212612,NA,1,0.999030757786544,NA
