"rep","n","tau_label","tau_sd","tau_var","seed","n_y0","n_y1","n_y01","best_model","best_formula","log_marginal","tau_map","correct","chosen_post_prob","error"
23,500,"big",0.7071068,0.50000002660624,600323,13,3,16,"int12_3","~x1 * x2 + x3",437.534213265122,NA,1,0.999881930356555,NA
24,500,"big",0.7071068,0.50000002660624,600324,15,2,17,"int12_3","~x1 * x2 + x3",462.668113457262,NA,1,0.996211777862713,NA
25,500,"big",0.7071068,0.50000002660624,600325,15,1,16,"int12_3","~x1 * x2 + x3",448.308005242915,NA,1,0.999918566200045,NA
