"rep","n","tau_label","tau_sd","tau_var","seed","n_y0","n_y1","n_y01","best_model","best_formula","log_marginal","tau_map","correct","chosen_post_prob","error"
18,500,"big",0.7071068,0.50000002660624,600318,15,2,17,"int12_3","~x1 * x2 + x3",445.57150975859,NA,1,0.999917414229026,NA
19,500,"big",0.7071068,0.50000002660624,600319,10,1,11,"int12_3","~x1 * x2 + x3",390.960401432672,NA,1,0.999906532326751,NA
20,500,"big",0.7071068,0.50000002660624,600320,15,4,19,"int12_3","~x1 * x2 + x3",460.472894309893,NA,1,0.999925660422045,NA
