"rep","n","tau_label","tau_sd","seed","n_y0","n_y1","n_y01","true_model","chosen_model","correct","chosen_post_prob"
33,500,"big",0.7071068,600333,14,6,20,"int12_3","int12_3",1,0.999935059872169
34,500,"big",0.7071068,600334,4,2,6,"int12_3","int12_3",1,0.999935171551132
35,500,"big",0.7071068,600335,11,4,15,"int12_3","int12_3",1,0.999030757786544
