"rep","n","tau_label","tau_sd","seed","n_y0","n_y1","n_y01","true_model","chosen_model","correct","chosen_post_prob"
18,500,"big",0.7071068,600318,15,2,17,"int12_3","int12_3",1,0.999917414229026
19,500,"big",0.7071068,600319,10,1,11,"int12_3","int12_3",1,0.999906532326751
20,500,"big",0.7071068,600320,15,4,19,"int12_3","int12_3",1,0.999925660422045
