"id","alpha_true"
1,-0.585013020921727
2,1.00422518078475
3,-1.64863582166508
4,0.52512721865137
5,0.418890231967091
