"id","alpha_true"
1,-0.815422147213232
2,-0.0153254982758532
3,-0.134064175963439
4,1.09820196625571
5,-0.115326075519593
