"id","alpha_true"
1,-1.27155503726512
2,-0.549185549946844
3,-1.13841457852099
4,1.3815482416844
5,0.674626769723028
