"id","alpha_true"
1,0.561591710932316
2,0.179695986656431
3,0.567889683389034
4,0.859244406972194
5,-0.348733725529477
