"id","alpha_true"
1,0.505451930854331
2,0.634816081764426
3,0.737116911708733
4,0.24949069975116
5,-0.325859682361046
