"id","alpha_true"
1,-0.843290753455454
2,-0.594291545981999
3,-1.03643708845358
4,-0.056038760588593
5,0.57650562589112
