"id","alpha_true"
1,-0.116533910166925
2,-0.492890602003694
3,0.389010051897123
4,0.229107214268055
5,1.05357701814917
