"id","alpha_true"
1,-0.372183583017582
2,-0.323838974542164
3,0.525989290277988
4,0.813864859107462
5,-0.717869255378064
