"id","alpha_true"
1,-0.334130205605481
2,-1.26437435187169
3,-0.456398396662073
4,0.526296558719735
5,0.073271744229025
