"id","alpha_true"
1,-0.856165545478069
2,-0.283186331829928
3,-0.531429931016774
4,0.948443290441755
5,-0.108642523325273
