"id","alpha_true"
1,-0.61391555960347
2,-0.156655147335855
3,0.0235712143768378
4,-0.32585495594772
5,0.732525940769324
