"id","alpha_true"
1,-0.491495110619703
2,-0.395838300132105
3,-0.144373900035041
4,-1.40969481310495
5,0.620635386869675
