"id","alpha_true"
1,0.44797480177833
2,-1.22174929402797
3,0.10962853369609
4,-0.00195390203533696
5,0.124438817393839
