"id","alpha_true"
1,0.0894242642644233
2,-1.15875011697869
3,1.38365652412127
4,0.000541635909885372
5,-0.734447657880865
