"id","alpha_true"
1,0.0248663178639601
2,-1.15559656699383
3,0.0138919911187138
4,-0.0301400818282694
5,0.882356698557253
