"id","alpha_true"
1,0.265865219086139
2,-0.254626574921545
3,-0.131654732701544
4,-0.432188604125294
5,-0.843058999324583
