"id","alpha_true"
1,0.130386293500262
2,0.150205423611617
3,-0.0305739059265837
4,1.46663806883639
5,-0.801323608850597
