"id","alpha_true"
1,0.35578411443303
2,0.0506692592623136
3,0.262743937215515
4,0.289685091720023
5,-0.960935975862059
