"id","alpha_true"
1,-0.179732424096594
2,-0.648891435362482
3,-0.555531567338799
4,-0.593527011365323
5,-0.168083801409487
