"id","alpha_true"
1,0.540559358484135
2,-1.16634362714901
3,-0.447530865521246
4,0.0366142987425658
5,-0.361775751868334
