"id","alpha_true"
1,0.774879987431603
2,-1.0560390297566
3,-0.838386233061319
4,-0.23647709923352
5,0.669523448769208
