"id","alpha_true"
1,-0.357059621720003
2,0.312497646542564
3,-0.312445175421535
4,-0.608979460471821
5,-0.0280152114372802
