"id","alpha_true"
1,-0.558739600476109
2,-0.408999921884668
3,0.567132004347973
4,0.989154744175249
5,0.680784150821964
