"id","alpha_true"
1,-0.740766369760542
2,-0.36156448209463
3,-0.0717447513454721
4,-0.565775773646194
5,-0.421945853893167
