"id","alpha_true"
1,-0.271911818388148
2,-0.381422050390624
3,-1.38473876704975
4,-0.284300491522205
5,-0.234707603025558
