"id","alpha_true"
1,-0.238313253801708
2,0.494817171101358
3,-0.00713871788569574
4,-0.0655269908560751
5,-0.373303527721141
