"id","alpha_true"
1,-0.258299267370971
2,0.306497939779343
3,0.193480369600193
4,-0.168211717715794
5,-0.466639901009236
