"id","alpha_true"
1,0.137304311883393
2,-0.170320987003571
3,-0.164492286934307
4,0.515582001973699
5,0.718074834127153
