"id","alpha_true"
1,0.284898012837283
2,0.346716090584188
3,-0.362273199848353
4,-0.244469968504259
5,0.211558838829928
