"id","alpha_true"
1,0.218108379007221
2,-0.174683645014819
3,-0.263855522990247
4,-0.622268545318597
5,0.713481121932373
