"id","alpha_true"
1,0.483954353349
2,0.00974428733246452
3,-0.216879233254179
4,-0.878966339258882
5,0.365852529711978
