"id","alpha_true"
1,-0.144737305860927
2,0.0483652942478155
3,0.0258224508832227
4,0.316775621886119
5,-0.450798785740257
