"id","alpha_true"
1,0.0363367567552004
2,-0.237690044252292
3,-0.175619998590639
4,-0.34586268458396
5,0.459741041428086
