"id","alpha_true"
1,0.179069113027321
2,-0.42332151847535
3,-0.601187818293204
4,0.639712285473262
5,0.838332127112503
