"id","alpha_true"
1,0.529743510651921
2,-0.147549799321341
3,0.279570151414778
4,0.0643027691950654
5,-0.121148364579488
