"id","alpha_true"
1,-0.512762756404038
2,0.519188136450037
3,0.0559830682855004
4,0.0751738617334258
5,-0.147105569223962
