"id","alpha_true"
1,0.00519082228999491
2,-1.02299115563786
3,-0.548224082514828
4,0.781856438691049
5,-0.457107814912066
