"id","alpha_true"
1,0.347905227313778
2,0.129540213965139
3,0.33587502408272
4,-0.396752988613415
5,0.481796096067907
