"id","alpha_true"
1,-0.268659187193651
2,0.848900549712327
3,0.497321388171936
4,-0.45082873064106
5,0.958277460767907
