"id","alpha_true"
1,-1.70955050262028
2,-0.614587810892944
3,0.00295257386122694
4,0.322130249288495
5,0.164725245426981
