"id","alpha_true"
1,0.0686812413222229
2,-0.21873848821295
3,0.00157851488124536
4,-0.2915152576849
5,-0.0323150680749976
