"id","alpha_true"
1,-0.198488069146786
2,-0.00672520107936026
3,0.0932368375356535
4,0.111215558543305
5,0.173367124203233
6,0.0348196847493753
7,0.0375673534995635
8,-0.196664847958323
9,-0.0393420214037481
10,-0.0596303465452431
