"id","alpha_true"
1,0.173419175459394
2,-0.00678766159882309
3,0.0650430154771848
4,-0.299570392822706
5,0.142441943095316
6,-0.00666404957942971
7,0.106158729637263
8,-0.103217815564407
9,-0.0460725952452987
10,0.0310008977330349
