"id","alpha_true"
1,0.099723374163117
2,-0.0476459364837342
3,0.0214480733348979
4,0.242302563429398
5,-0.0311021923603357
6,-0.0267896849563827
7,0.0764471861005659
8,-0.0699975635922419
9,0.131651590291425
10,0.0700107974576798
