"id","alpha_true"
1,0.14222188050493
2,-0.107874250201363
3,0.124377781373942
4,0.187163921041127
5,0.103968412568902
6,0.16941250849776
7,0.148347002683158
8,-0.00868106213230195
9,-0.153215974680616
10,-0.0153212593613246
