"id","alpha_true"
1,0.155347250568749
2,-0.12414705993115
3,-0.10043736511535
4,-0.0108336031359494
5,-0.0136648445941747
6,0.0191033864586771
7,-0.041519979276134
8,-0.0115826233239005
9,-0.177412316981155
10,0.234173226179964
