"id","alpha_true"
1,-0.106018283748299
2,0.076272710324038
3,0.049312092742966
4,-0.0752622237890629
5,0.137140201556466
6,-0.0189757817429895
7,-0.120023491481218
8,0.11999933678156
9,-0.0395869071538807
10,-0.0104779653093173
