"id","alpha_true"
1,-0.0140231098698977
2,-0.00337446795615298
3,-0.078222618956518
4,0.0020221487250166
5,0.0821193861304997
6,0.106867710923295
7,-0.0736925089580971
8,-0.00449927427015384
9,-0.0637694952532877
10,-0.122525514042576
