"id","alpha_true"
1,0.0739116774682051
2,-0.05527309778716
3,0.0685448381098865
4,-0.098386495203272
5,-0.0503514963765247
6,-0.0488693044752221
7,0.156016290405218
8,0.0305112732091842
9,0.129532401425934
10,-0.139260915654067
