"id","alpha_true"
1,-0.29890656784716
2,0.0462938559477043
3,-0.0652770933080913
4,0.00132826786355004
5,-0.0881100877463067
6,0.0823247275734419
7,-0.131108932988639
8,-0.028961835546715
9,0.0692838967598684
10,0.066674374628904
