"id","alpha_true"
1,-0.022138252503938
2,-0.0602726061890738
3,-0.0265608986960531
4,0.11452101680824
5,-0.0177409887364026
6,-0.11850975402294
7,-0.131552428900719
8,-0.0841076020523464
9,0.0438510631341612
10,-0.0906695580252521
