"id","alpha_true"
1,-0.0348560388833056
2,0.120092603190606
3,0.104107368214272
4,-0.0226857299055309
5,-0.149801951864917
6,0.0652174203665213
7,0.0332219937911783
8,0.212546827327156
9,0.0459498031561947
10,-0.0869104678698354
