"id","alpha_true"
1,-0.0775353664755308
2,-0.00742649848244454
3,-0.00510797866524432
4,-0.0537971297047881
5,-0.0609628075809728
6,0.071595542745525
7,0.0262793558553081
8,0.0513800908709184
9,0.0282623714037285
10,-0.170420446584873
