"id","alpha_true"
1,-0.187565288936053
2,0.0309124852497977
3,0.08718831394802
4,-0.0691330160126992
5,-0.0201539388956081
6,0.0175887513317104
7,-0.0406000689238915
8,0.0104457963849296
9,0.138805950490621
10,0.0599447002687855
