"id","alpha_true"
1,-0.067362267473604
2,0.0050573929802721
3,-0.0323885696288881
4,0.0768262462058213
5,-0.168141990696261
6,0.123808567531371
7,0.0979301953724979
8,0.0634378292253517
9,0.016708152835723
10,0.0616781918521564
