"id","alpha_true"
1,1.04533437058406
2,0.00635168709998982
3,2.18925058167396
4,0.298211804915993
5,-0.326137297085367
