"id","alpha_true"
1,-0.605148037369147
2,0.261377744541261
3,-0.0102603858561163
4,-0.627821695822858
5,-0.373008963363497
