"id","alpha_true"
1,-0.116609359408873
2,0.0172334999460191
3,-0.959496711172353
4,-0.690509598323275
5,0.621770808568412
