"id","alpha_true"
1,-0.518936478478049
2,-0.239846009680141
3,0.469705156732501
4,0.319025536516155
5,0.197176594743155
