"id","alpha_true"
1,-0.131202687866938
2,0.129668672891304
3,0.622702093724316
4,-0.647386346655415
5,0.038665663263131
