"id","alpha_true"
1,-0.0749232707403438
2,-0.0212293088331362
3,0.387941582128503
4,-1.04468035504503
5,0.669395311069662
