"id","alpha_true"
1,-0.291817818699897
2,-0.262247139629343
3,-0.955389698751003
4,-0.235713029724626
5,-0.409472659677123
