"id","alpha_true"
1,0.519494151654336
2,0.0226925804982428
3,-0.332903900434133
4,0.212084745972088
5,0.120036969017932
