"id","alpha_true"
1,-0.145352990073552
2,0.44340867167616
3,0.0673108109389728
4,0.769464007932745
5,0.330039081374996
