"id","alpha_true"
1,1.50971624644174
2,0.101572888681965
3,0.818853701747812
4,-0.607448305969205
5,-0.563658860842743
