"id","alpha_true"
1,0.940516245523509
2,0.32674682149564
3,1.13386124008579
4,0.909469546098151
5,-0.0595279093417245
