"id","alpha_true"
1,-0.402107030699089
2,-1.00115359848865
3,-0.834505436777484
4,-0.837448747417931
5,-0.128422234912117
