"id","alpha_true"
1,7.28681476155312e-05
2,-0.0742894126338714
3,0.252336126899045
4,0.302623232277168
5,-0.584174773791926
