"id","alpha_true"
1,0.372999805733749
2,0.169989979303194
3,-0.358717833982291
4,0.525730295100307
5,-0.361486330762038
