"id","alpha_true"
1,-0.204988618699499
2,0.0902637048932812
3,-0.0352767357536886
4,-0.408500398403716
5,0.485070305241218
