"id","alpha_true"
1,-0.604844046412255
2,-0.747590432086964
3,-0.485577465082431
4,0.00986291817296079
5,0.380451284900816
