"id","alpha_true"
1,-0.0766908924852415
2,-0.0779940315669234
3,-0.53568313837542
4,-1.11266112942953
5,-0.654060784252237
