"id","alpha_true"
1,0.458242753325389
2,0.182073190733643
3,-0.302567236388617
4,0.195954674817132
5,-0.0419851577271588
