"id","alpha_true"
1,0.010698118208426
2,-0.0588384355502399
3,0.251259845926579
4,-0.0231374973587871
5,-0.498668535375359
