"id","alpha_true"
1,0.266516774354161
2,-0.351775010270665
3,-0.0129053288007777
4,0.430410100628642
5,0.167489975720103
