"id","alpha_true"
1,-0.411914923691142
2,0.245066270697661
3,-0.497953173496641
4,-0.158852004331114
5,0.192350305389641
