"id","alpha_true"
1,0.0176377111164477
2,0.726863810794714
3,-0.743231881044639
4,0.00815182323999415
5,0.412479382434207
