"id","alpha_true"
1,-0.0667680566720815
2,0.468859758683908
3,0.181818044595673
4,-0.284267357721402
5,-0.590734404896286
