"id","alpha_true"
1,-0.313924523888825
2,0.0239274268593895
3,-0.686995675147401
4,-0.246902513674657
5,-0.0999788980294784
