"id","alpha_true"
1,-0.277732002094245
2,-0.294390258769723
3,0.0210544222535268
4,0.332587494806046
5,0.583336556117728
