"id","alpha_true"
1,-0.316242076975932
2,0.473486665570999
3,0.0987065274757148
4,0.30432532812584
5,0.305397470732189
