"id","alpha_true"
1,0.228997371905226
2,-0.21629469811997
3,0.459496246562216
4,0.0664772091186999
5,0.163871647955609
