"id","alpha_true"
1,-0.693374675299883
2,0.574696010547757
3,-0.294573047533802
4,-0.108147294279199
5,0.00892359658068855
