"id","alpha_true"
1,0.797580478462601
2,-0.294340822481172
3,-0.879967015105174
4,-0.150711361616177
5,0.929204754359288
6,-0.655327383702106
7,0.0472933362853073
8,0.336359993350027
9,1.81065900197208
10,-0.299753899038522
