"id","alpha_true"
1,0.938930106216025
2,-1.0186918294499
3,1.33516034181761
4,-0.487789644564484
5,-1.51247709837278
6,-0.512998789114011
7,-0.321190177566194
8,0.51500514972429
9,-0.694582089336722
10,0.599834768908756
