"id","alpha_true"
1,0.241869341287777
2,0.253058985285275
3,-0.333583912575079
4,-0.0370377427916899
5,0.0602366448150633
6,-0.35606595824932
7,2.08439781799842
8,1.27732744580033
9,0.26715577151155
10,-0.045764715667129
