"id","alpha_true"
1,-0.255789470104581
2,0.27700364406478
3,-1.12133356303933
4,0.513986649589262
5,0.490670496585986
6,1.40908274529442
7,0.447240496949501
8,-1.19237811646988
9,0.00482131763823331
10,0.197174629586554
