"id","alpha_true"
1,-0.0635328805764202
2,-0.203262330104131
3,0.26918612733648
4,1.06622175962797
5,-0.758841702496255
6,-0.053825325726562
7,1.1225199629826
8,1.36646687696303
9,-1.29544380603692
10,0.609672436124745
