"id","alpha_true"
1,0.713645376372447
2,-0.657215927352192
3,0.44270970402842
4,0.148095878584967
5,1.19605609941832
6,-0.35693171521934
7,-0.396278715577542
8,0.270979150288844
9,0.57460951124264
10,0.0520013215557503
