"id","alpha_true"
1,-0.0218303964489459
2,-0.150241398985755
3,-0.197817842309083
4,0.173209293949832
5,-0.73490687554581
6,0.105448904585855
7,-1.75842866593279
8,1.22520184479647
9,0.62550180786318
10,0.17327251933233
