"id","alpha_true"
1,0.384707565439294
2,0.0268618015414173
3,1.05106904974848
4,-0.0264987300500437
5,1.0062770369494
6,-0.447356091059987
7,0.776397491309445
8,-0.499657840334899
9,-0.25793711714035
10,0.481619568920322
