"id","alpha_true"
1,1.19664483960901
2,-0.202577836556785
3,-0.712130044627868
4,-0.474600131652722
5,-0.240030281052072
6,-0.499926401149732
7,-0.861194039968103
8,-0.0917175001973847
9,0.343645222684088
10,0.547839037209565
