"id","alpha_true"
1,-0.705501604260477
2,-1.54490118576013
3,0.623266156574217
4,0.0743844126155559
5,-0.00689032901704142
6,-1.72548489963899
7,-0.143270338329469
8,-1.26937908127531
9,-0.681980074465375
10,0.362388868974425
