"id","alpha_true"
1,-0.281482331813508
2,0.397394816965641
3,-0.666101365413984
4,-1.11054038853926
5,-0.647134367259891
6,0.416346448097619
7,-0.278231616866832
8,-0.912554539962338
9,-1.04901355306509
10,0.0444111047393937
