"id","alpha_true"
1,-0.23449723986172
2,-0.338586499624447
3,-0.0885730515228637
4,0.642593333658965
5,-0.139026055613521
6,0.731612474474205
7,0.660419598080944
8,-0.824435227417174
9,0.283460890534238
10,0.0555375943493397
