"id","alpha_true"
1,0.914730215710313
2,0.200002897026285
3,-0.345315726441585
4,-0.436008298338468
5,1.22369401946674
6,0.313051049104657
7,-0.36901909444586
8,-0.459980610659671
9,-0.0242400483923884
10,0.748074637743857
