"id","alpha_true"
1,-0.349381455468756
2,0.524335272208797
3,0.67980761094359
4,0.142295879673574
5,0.387697173275692
6,-0.414670884462883
7,-0.312103074280903
8,-0.587588367875614
9,-0.0130082306146117
10,0.369714389153941
