"id","alpha_true"
1,0.350843734006809
2,0.216932023364668
3,-1.24782348937447
4,-0.445933877336454
5,0.135044988401865
6,0.394346277105263
7,-1.14316662110994
8,-0.70699427913475
9,0.0970973304896729
10,-0.823609993769451
