"id","alpha_true"
1,0.449057508151774
2,-0.260185152111329
3,0.284298632452959
4,-0.839572312069861
5,0.237363728793776
