"id","alpha_true"
1,-0.506914041379296
2,-1.56214727757949
3,-0.121269949882209
4,-0.467103855746942
5,0.903629361640044
