"id","alpha_true"
1,1.30890095325136
2,-0.828434853894247
3,0.986464256545898
4,-0.593433850920072
5,0.383069558514728
