"id","alpha_true"
1,0.35383497773037
2,-0.232798959308322
3,0.8692257600796
4,1.15173681088131
5,1.2920421777346
