"id","alpha_true"
1,0.67200003708011
2,1.14095743270659
3,-0.183745249635461
4,0.24300135491868
5,1.04581911713534
