"id","alpha_true"
1,0.303650805617305
2,0.237623273160964
3,-0.243569164086205
4,0.913384930920996
5,0.855149998836299
