"id","alpha_true"
1,-1.67213001335374
2,-0.753011837306236
3,0.0212457240252817
4,0.0874213972817716
5,-1.94927916534256
