"id","alpha_true"
1,0.808642172438686
2,0.367281715655124
3,0.818476696095349
4,-0.272292544134493
5,0.746493952836112
