"id","alpha_true"
1,-0.403760366737134
2,-1.26376679157772
3,-0.355082425740572
4,-0.213882247763071
5,0.164097729506175
