"id","alpha_true"
1,-0.1424292825843
2,-0.226426969287391
3,-0.0461077174522314
4,0.177894929993146
5,-0.11350796284011
