"id","alpha_true"
1,0.023479037126997
2,0.07046688556066
3,0.0687656894457582
4,-0.158876667864081
5,-0.00825526206460778
