"id","alpha_true"
1,-0.0237071660401933
2,0.226780638397269
3,0.0142602844585544
4,-0.0068626121721928
5,-0.0235314449408882
