"id","alpha_true"
1,-0.0310200928977836
2,-0.141660854121762
3,0.0848094361327956
4,0.0312978700439972
5,0.105192592306611
