"id","alpha_true"
1,0.0360236013036896
2,0.20129194792694
3,-0.0238282150014186
4,-0.0648735359696351
5,0.0302272888537818
