"id","alpha_true"
1,0.014104248460841
2,-0.047341650966634
3,0.0823149253519702
4,0.110967353556391
5,-0.111705633071902
