"id","alpha_true"
1,0.0476254936461698
2,0.0486056646023668
3,0.0722566217290031
4,0.0149486293059443
5,0.000405926513666952
