"id","alpha_true"
1,-0.0751216964624582
2,-0.00765984813307642
3,0.0961420957370554
4,0.116231991243031
5,-0.192271473448934
