"id","alpha_true"
1,-0.173695534170158
2,-0.01890490366055
3,-0.0691209785073208
4,0.199499400945661
5,0.105696549923663
