"id","alpha_true"
1,-0.255762466697925
2,0.0496408117521143
3,-0.162056599427701
4,-0.102061680137754
5,0.0831725087158438
