"id","alpha_true"
1,-0.110009330904086
2,0.0021550645159614
3,0.178814587192666
4,0.193849726604292
5,0.084839077399482
