"id","alpha_true"
1,-0.0226472007842485
2,0.0230979497604293
3,-0.069552515870711
4,0.207460459310094
5,0.0396375231957127
