"id","alpha_true"
1,0.0269945234337298
2,-0.00022243635592063
3,0.171773551390782
4,-0.25685098546518
5,-0.0352422803331714
