"id","alpha_true"
1,0.0335181803746922
2,-0.244809746620458
3,-0.0181655820689998
4,0.154050869858365
5,-0.00940967987460763
