"id","alpha_true"
1,-0.0553666954879436
2,-0.026970593383398
3,-0.0754035111647197
4,0.0468652942853765
5,-0.00110017758738007
