"id","alpha_true"
1,0.133668870913439
2,0.0132763375946199
3,-0.0270901276599438
4,-0.218087975591979
5,-0.106280940266392
