"id","alpha_true"
1,0.0373256031700387
2,-0.200616313366752
3,-0.0208522912261625
4,-0.202519351886986
5,0.111880623243549
