"id","alpha_true"
1,-0.0913183881690128
2,-0.188696587790772
3,0.120680230833533
4,0.475145553421389
5,-0.330425519721053
6,-0.0308628193344555
7,0.591402768898856
8,-0.139958978315276
9,0.289523867917171
10,-1.01349239876005
