"id","alpha_true"
1,0.867808065735239
2,-0.17444878703466
3,0.275384845980096
4,-0.287889147799479
5,0.498672165044829
6,0.675652017218589
7,-0.0743510965183954
8,-0.077409992195017
9,0.677807055832853
10,-0.0745027963102368
