"id","alpha_true"
1,-0.0676746385484394
2,-0.0143853686137896
3,-0.160910135918878
4,-0.0573637416687659
5,0.417308199750411
6,-0.0798506194547867
7,-0.138749523688186
8,0.00407365824622923
9,0.192495169401239
10,0.330308789794536
