"id","alpha_true"
1,-0.107163864890271
2,-0.356934738329203
3,-0.541892629279391
4,-0.686182967493727
5,-0.0301267747459489
6,0.291517386863168
7,-0.524086492763489
8,0.301514843788084
9,-0.166003237777613
10,-0.52115829136646
