"id","alpha_true"
1,0.380138589751951
2,0.0862264793909865
3,-0.34004040496185
4,-0.272455152423107
5,-0.141425329481637
6,0.367635414728274
7,-0.367232766848939
8,0.496076997056935
9,0.174010022250577
10,0.202504479148592
