"id","alpha_true"
1,0.616869260758115
2,-0.362957457781974
3,-0.300974993870887
4,-0.243170197423244
5,-0.517922350346435
6,0.0832309570753231
7,0.131525004211203
8,0.482538651868816
9,-0.429483008167719
10,0.202977419616957
