"id","alpha_true"
1,-0.0876349834277108
2,-0.25076667394552
3,0.0677448832775645
4,-0.564708980264029
5,-0.894881970289622
6,0.415660408303143
7,-0.0299548165533539
8,0.870926871109795
9,-0.194259102210482
10,-0.770562234791729
