"id","alpha_true"
1,-0.140055719506433
2,-0.278039317276865
3,-0.649300170095839
4,-0.322306634813797
5,0.405344670964341
6,-0.909488933505008
7,0.22542955587632
8,-0.0295177109665479
9,-0.0536960453252495
10,0.163163177278473
