"id","alpha_true"
1,-0.536947453813741
2,0.599991408370296
3,-0.672480907749717
4,0.171917423704794
5,-0.230355855681759
6,-1.28929107601127
7,0.282644548771149
8,-0.773953265006761
9,0.621586198214319
10,0.615007935845068
