"id","alpha_true"
1,0.235668611414213
2,-0.53406750611396
3,-0.489969850461733
4,0.528950156295542
5,-0.343001062196942
6,-0.143932441025252
7,0.187801833752329
8,0.104552602054654
9,0.117751527361866
10,0.298805912995213
