"id","alpha_true"
1,-0.444969702120338
2,-0.763784937186422
3,0.138189399536121
4,0.448928605435281
5,0.252048115134927
6,-0.38126008266989
7,-0.0990766992154651
8,0.293942437015555
9,-0.336910232397816
10,0.241903754704937
