"id","alpha_true"
1,0.104480003721042
2,0.0691229270387793
3,-0.119447001968509
4,0.0199909724141121
5,-0.235403439191624
6,0.881678198744044
7,0.0695735773574889
8,-0.0891050867237578
9,0.347839863375715
10,0.0223379179768032
