"id","alpha_true"
1,-0.443908278548494
2,-0.0344503839047864
3,-0.13330220679504
4,-0.398322097469816
5,0.55851209360776
6,-0.775100145211757
7,-0.244220475571997
8,-0.720408167924357
9,0.0318074227617852
10,0.0288949081289922
