"id","alpha_true"
1,-0.7264837513314
2,0.661300044352294
3,0.140816452454555
4,-0.0327865305197699
5,-0.0522389642485678
6,-0.635734473052912
7,0.198319864933421
8,-0.326100536733599
9,0.35517712671071
10,0.340429553146008
