"id","alpha_true"
1,-0.435256088161455
2,0.613201446163853
3,0.852619618599324
4,-0.133223632223079
5,0.180940925815079
6,0.829817888269614
7,-0.0192237141369243
8,0.411846676695644
9,0.603467233006967
10,0.0132576367687303
