"rep","n","tau_label","tau_sd","tau_var","seed","n_y0","n_y1","n_y01","best_model","best_formula","log_marginal","tau_map","correct","chosen_post_prob","error"
13,500,"big",0.7071068,0.50000002660624,600313,8,3,11,"int12_3","~x1 * x2 + x3",408.653875648011,NA,1,0.999930718556237,NA
14,500,"big",0.7071068,0.50000002660624,600314,10,0,10,"int12_3","~x1 * x2 + x3",356.838241770021,NA,1,0.999809777866427,NA
15,500,"big",0.7071068,0.50000002660624,600315,12,3,15,"int12_3","~x1 * x2 + x3",429.65957423435,NA,1,0.999907690781871,NA
16,500,"big",0.7071068,0.50000002660624,600316,8,5,13,"int12_3","~x1 * x2 + x3",405.834336379904,NA,1,0.999873514142089,NA
17,500,"big",0.7071068,0.50000002660624,600317,19,2,21,"int12_3","~x1 * x2 + x3",483.053637004991,NA,1,0.999899293988617,NA
18,500,"big",0.7071068,0.50000002660624,600318,15,2,17,"int12_3","~x1 * x2 + x3",446.335494628883,NA,1,0.999917421022819,NA
19,500,"big",0.7071068,0.50000002660624,600319,10,1,11,"int12_3","~x1 * x2 + x3",391.722761918745,NA,1,0.999906526894568,NA
