"rep","n","tau_label","tau_sd","tau_var","seed","n_y0","n_y1","n_y01","best_model","best_formula","log_marginal","tau_map","correct","chosen_post_prob","error"
13,500,"big",0.7071068,0.50000002660624,600313,8,3,11,"int12_3","~x1 * x2 + x3",408.653875648011,NA,1,0.999930718556237,NA
14,500,"big",0.7071068,0.50000002660624,600314,10,0,10,"int12_3","~x1 * x2 + x3",356.838241770021,NA,1,0.999809777866427,NA
15,500,"big",0.7071068,0.50000002660624,600315,12,3,15,"int12_3","~x1 * x2 + x3",429.65957423435,NA,1,0.999907690781871,NA
