"rep","n","tau_label","tau_sd","tau_var","seed","n_y0","n_y1","n_y01","best_model","best_formula","log_marginal","tau_map","correct","chosen_post_prob","error"
41,500,"big",0.7071068,0.50000002660624,600341,16,7,23,"int12_3","~x1 * x2 + x3",515.509893519508,NA,1,0.999686602320356,NA
42,500,"big",0.7071068,0.50000002660624,600342,6,2,8,"int12_3","~x1 * x2 + x3",352.889183899947,NA,1,0.997633598814909,NA
43,500,"big",0.7071068,0.50000002660624,600343,10,2,12,"int12_3","~x1 * x2 + x3",391.666842895107,NA,1,0.999923767880341,NA
44,500,"big",0.7071068,0.50000002660624,600344,8,2,10,"int12_3","~x1 * x2 + x3",385.50050104335,NA,1,0.99993416320146,NA
45,500,"big",0.7071068,0.50000002660624,600345,9,3,12,"int12_3","~x1 * x2 + x3",344.714043065202,NA,1,0.999916349482834,NA
