"rep","n","tau_label","tau_sd","seed","n_y0","n_y1","n_y01","true_model","chosen_model","correct","chosen_post_prob"
13,500,"big",0.7071068,600313,8,3,11,"int12_3","int12_3",1,0.999930718556237
14,500,"big",0.7071068,600314,10,0,10,"int12_3","int12_3",1,0.999809777866427
15,500,"big",0.7071068,600315,12,3,15,"int12_3","int12_3",1,0.999907690781871
16,500,"big",0.7071068,600316,8,5,13,"int12_3","int12_3",1,0.999873514142089
17,500,"big",0.7071068,600317,19,2,21,"int12_3","int12_3",1,0.999899293988617
18,500,"big",0.7071068,600318,15,2,17,"int12_3","int12_3",1,0.999917421022819
19,500,"big",0.7071068,600319,10,1,11,"int12_3","int12_3",1,0.999906526894568
