"rep","n","tau_label","tau_sd","seed","n_y0","n_y1","n_y01","true_model","chosen_model","correct","chosen_post_prob"
41,500,"big",0.7071068,600341,16,7,23,"int12_3","int12_3",1,0.999686602320356
42,500,"big",0.7071068,600342,6,2,8,"int12_3","int12_3",1,0.997633598814909
43,500,"big",0.7071068,600343,10,2,12,"int12_3","int12_3",1,0.999923767880341
44,500,"big",0.7071068,600344,8,2,10,"int12_3","int12_3",1,0.99993416320146
45,500,"big",0.7071068,600345,9,3,12,"int12_3","int12_3",1,0.999916349482834
